id,classes
Activity_Diagram_1.jpg,Activity Diagram
Activity_Diagram_2.jpg,Activity Diagram
Activity_Diagram_3.jpg,Activity Diagram
Activity_Diagram_4.jpg,Activity Diagram
Activity_Diagram_5.jpg,Activity Diagram
Activity_Diagram_6.jpg,Activity Diagram
Activity_Diagram_7.jpg,Activity Diagram
Activity_Diagram_8.jpg,Activity Diagram
Activity_Diagram_9.jpg,Activity Diagram
Activity_Diagram_10.jpg,Activity Diagram
Activity_Diagram_11.jpg,Activity Diagram
Activity_Diagram_12.jpg,Activity Diagram
Activity_Diagram_13.jpg,Activity Diagram
Activity_Diagram_14.jpg,Activity Diagram
Activity_Diagram_15.jpg,Activity Diagram
Activity_Diagram_16.jpg,Activity Diagram
Activity_Diagram_17.jpg,Activity Diagram
Activity_Diagram_18.jpg,Activity Diagram
Activity_Diagram_19.jpg,Activity Diagram
Activity_Diagram_20.jpg,Activity Diagram
Activity_Diagram_21.jpg,Activity Diagram
Activity_Diagram_22.jpg,Activity Diagram
Activity_Diagram_23.jpg,Activity Diagram
Activity_Diagram_24.jpg,Activity Diagram
Activity_Diagram_25.jpg,Activity Diagram
Activity_Diagram_26.jpg,Activity Diagram
Activity_Diagram_27.jpg,Activity Diagram
Activity_Diagram_28.jpg,Activity Diagram
Activity_Diagram_29.jpg,Activity Diagram
Activity_Diagram_30.jpg,Activity Diagram
Activity_Diagram_31.jpg,Activity Diagram
Activity_Diagram_32.jpg,Activity Diagram
Activity_Diagram_33.jpg,Activity Diagram
Activity_Diagram_34.jpg,Activity Diagram
Activity_Diagram_35.jpg,Activity Diagram
Activity_Diagram_36.jpg,Activity Diagram
Activity_Diagram_37.jpg,Activity Diagram
Activity_Diagram_38.jpg,Activity Diagram
Activity_Diagram_39.jpg,Activity Diagram
Activity_Diagram_40.jpg,Activity Diagram
Activity_Diagram_41.jpg,Activity Diagram
Activity_Diagram_42.jpg,Activity Diagram
Activity_Diagram_43.jpg,Activity Diagram
Activity_Diagram_44.jpg,Activity Diagram
Activity_Diagram_45.jpg,Activity Diagram
Activity_Diagram_46.jpg,Activity Diagram
Activity_Diagram_47.jpg,Activity Diagram
Activity_Diagram_48.jpg,Activity Diagram
Activity_Diagram_49.jpg,Activity Diagram
Activity_Diagram_50.jpg,Activity Diagram
Activity_Diagram_51.jpg,Activity Diagram
Activity_Diagram_52.jpg,Activity Diagram
Activity_Diagram_53.jpg,Activity Diagram
Activity_Diagram_54.jpg,Activity Diagram
Activity_Diagram_55.jpg,Activity Diagram
Activity_Diagram_56.jpg,Activity Diagram
Activity_Diagram_57.jpg,Activity Diagram
Activity_Diagram_58.jpg,Activity Diagram
Activity_Diagram_59.jpg,Activity Diagram
Activity_Diagram_60.jpg,Activity Diagram
Activity_Diagram_61.jpg,Activity Diagram
Activity_Diagram_62.jpg,Activity Diagram
Activity_Diagram_63.jpg,Activity Diagram
Activity_Diagram_64.jpg,Activity Diagram
Activity_Diagram_65.jpg,Activity Diagram
Activity_Diagram_66.jpg,Activity Diagram
Activity_Diagram_67.jpg,Activity Diagram
Activity_Diagram_68.jpg,Activity Diagram
Activity_Diagram_69.jpg,Activity Diagram
Activity_Diagram_70.jpg,Activity Diagram
Activity_Diagram_71.jpg,Activity Diagram
Activity_Diagram_72.jpg,Activity Diagram
Activity_Diagram_73.jpg,Activity Diagram
Activity_Diagram_74.jpg,Activity Diagram
Activity_Diagram_75.jpg,Activity Diagram
Activity_Diagram_76.jpg,Activity Diagram
Activity_Diagram_77.jpg,Activity Diagram
Activity_Diagram_78.jpg,Activity Diagram
Activity_Diagram_79.jpg,Activity Diagram
Activity_Diagram_80.jpg,Activity Diagram
Activity_Diagram_81.jpg,Activity Diagram
Activity_Diagram_82.jpg,Activity Diagram
Activity_Diagram_83.jpg,Activity Diagram
Activity_Diagram_84.jpg,Activity Diagram
Activity_Diagram_85.jpg,Activity Diagram
Activity_Diagram_86.jpg,Activity Diagram
Activity_Diagram_87.jpg,Activity Diagram
Activity_Diagram_88.jpg,Activity Diagram
Activity_Diagram_89.jpg,Activity Diagram
Activity_Diagram_90.jpg,Activity Diagram
Activity_Diagram_91.jpg,Activity Diagram
Activity_Diagram_92.jpg,Activity Diagram
Activity_Diagram_93.jpg,Activity Diagram
Activity_Diagram_94.jpg,Activity Diagram
Activity_Diagram_95.jpg,Activity Diagram
Activity_Diagram_96.jpg,Activity Diagram
Activity_Diagram_97.jpg,Activity Diagram
Activity_Diagram_98.jpg,Activity Diagram
Activity_Diagram_99.jpg,Activity Diagram
Activity_Diagram_100.jpg,Activity Diagram
Activity_Diagram_101.jpg,Activity Diagram
Activity_Diagram_102.jpg,Activity Diagram
Activity_Diagram_103.jpg,Activity Diagram
Activity_Diagram_104.jpg,Activity Diagram
Activity_Diagram_105.jpg,Activity Diagram
Activity_Diagram_106.jpg,Activity Diagram
Activity_Diagram_107.jpg,Activity Diagram
Activity_Diagram_108.jpg,Activity Diagram
Activity_Diagram_109.jpg,Activity Diagram
Activity_Diagram_110.jpg,Activity Diagram
Activity_Diagram_111.jpg,Activity Diagram
Activity_Diagram_112.jpg,Activity Diagram
Activity_Diagram_113.jpg,Activity Diagram
Activity_Diagram_114.jpg,Activity Diagram
Activity_Diagram_115.jpg,Activity Diagram
Activity_Diagram_116.jpg,Activity Diagram
Activity_Diagram_117.jpg,Activity Diagram
Activity_Diagram_118.jpg,Activity Diagram
Activity_Diagram_119.jpg,Activity Diagram
Activity_Diagram_120.jpg,Activity Diagram
Activity_Diagram_121.jpg,Activity Diagram
Activity_Diagram_122.jpg,Activity Diagram
Activity_Diagram_123.jpg,Activity Diagram
Activity_Diagram_124.jpg,Activity Diagram
Activity_Diagram_125.jpg,Activity Diagram
Activity_Diagram_126.jpg,Activity Diagram
Activity_Diagram_127.jpg,Activity Diagram
Activity_Diagram_128.jpg,Activity Diagram
Activity_Diagram_129.jpg,Activity Diagram
Activity_Diagram_130.jpg,Activity Diagram
Activity_Diagram_131.jpg,Activity Diagram
Activity_Diagram_132.jpg,Activity Diagram
Activity_Diagram_133.jpg,Activity Diagram
Activity_Diagram_134.jpg,Activity Diagram
Activity_Diagram_135.jpg,Activity Diagram
Activity_Diagram_136.jpg,Activity Diagram
Activity_Diagram_137.jpg,Activity Diagram
Activity_Diagram_138.jpg,Activity Diagram
Activity_Diagram_139.jpg,Activity Diagram
Activity_Diagram_140.jpg,Activity Diagram
Activity_Diagram_141.jpg,Activity Diagram
Activity_Diagram_142.jpg,Activity Diagram
Activity_Diagram_143.jpg,Activity Diagram
Activity_Diagram_144.jpg,Activity Diagram
Activity_Diagram_145.jpg,Activity Diagram
Activity_Diagram_146.jpg,Activity Diagram
Activity_Diagram_147.jpg,Activity Diagram
Activity_Diagram_148.jpg,Activity Diagram
Activity_Diagram_149.jpg,Activity Diagram
Activity_Diagram_150.jpg,Activity Diagram
Activity_Diagram_151.jpg,Activity Diagram
Activity_Diagram_152.jpg,Activity Diagram
Activity_Diagram_153.jpg,Activity Diagram
Activity_Diagram_154.jpg,Activity Diagram
Activity_Diagram_155.jpg,Activity Diagram
Activity_Diagram_156.jpg,Activity Diagram
Activity_Diagram_157.jpg,Activity Diagram
Activity_Diagram_158.jpg,Activity Diagram
Activity_Diagram_159.jpg,Activity Diagram
Activity_Diagram_160.jpg,Activity Diagram
Activity_Diagram_161.jpg,Activity Diagram
Activity_Diagram_162.jpg,Activity Diagram
Activity_Diagram_163.jpg,Activity Diagram
Activity_Diagram_164.jpg,Activity Diagram
Activity_Diagram_165.jpg,Activity Diagram
Activity_Diagram_166.jpg,Activity Diagram
Activity_Diagram_167.jpg,Activity Diagram
Activity_Diagram_168.jpg,Activity Diagram
Activity_Diagram_169.jpg,Activity Diagram
Activity_Diagram_170.jpg,Activity Diagram
Activity_Diagram_171.jpg,Activity Diagram
Activity_Diagram_172.jpg,Activity Diagram
Activity_Diagram_173.jpg,Activity Diagram
Activity_Diagram_174.jpg,Activity Diagram
Activity_Diagram_175.jpg,Activity Diagram
Activity_Diagram_176.jpg,Activity Diagram
Activity_Diagram_177.jpg,Activity Diagram
Activity_Diagram_178.jpg,Activity Diagram
Activity_Diagram_179.jpg,Activity Diagram
Activity_Diagram_180.jpg,Activity Diagram
Activity_Diagram_181.jpg,Activity Diagram
Activity_Diagram_182.jpg,Activity Diagram
Activity_Diagram_183.jpg,Activity Diagram
Activity_Diagram_184.jpg,Activity Diagram
Activity_Diagram_185.jpg,Activity Diagram
Activity_Diagram_186.jpg,Activity Diagram
Activity_Diagram_187.jpg,Activity Diagram
Activity_Diagram_188.jpg,Activity Diagram
Activity_Diagram_189.jpg,Activity Diagram
Activity_Diagram_190.jpg,Activity Diagram
Activity_Diagram_191.jpg,Activity Diagram
Activity_Diagram_192.jpg,Activity Diagram
Activity_Diagram_193.jpg,Activity Diagram
Activity_Diagram_194.jpg,Activity Diagram
Activity_Diagram_195.jpg,Activity Diagram
Activity_Diagram_196.jpg,Activity Diagram
Activity_Diagram_197.jpg,Activity Diagram
Activity_Diagram_198.jpg,Activity Diagram
Activity_Diagram_199.jpg,Activity Diagram
Activity_Diagram_200.jpg,Activity Diagram
Class_Diagram_1.jpg,Class Diagram
Class_Diagram_2.jpg,Class Diagram
Class_Diagram_3.jpg,Class Diagram
Class_Diagram_4.jpg,Class Diagram
Class_Diagram_5.jpg,Class Diagram
Class_Diagram_6.jpg,Class Diagram
Class_Diagram_7.jpg,Class Diagram
Class_Diagram_8.jpg,Class Diagram
Class_Diagram_9.jpg,Class Diagram
Class_Diagram_10.jpg,Class Diagram
Class_Diagram_11.jpg,Class Diagram
Class_Diagram_12.jpg,Class Diagram
Class_Diagram_13.jpg,Class Diagram
Class_Diagram_14.jpg,Class Diagram
Class_Diagram_15.jpg,Class Diagram
Class_Diagram_16.jpg,Class Diagram
Class_Diagram_17.jpg,Class Diagram
Class_Diagram_18.jpg,Class Diagram
Class_Diagram_19.jpg,Class Diagram
Class_Diagram_20.jpg,Class Diagram
Class_Diagram_21.jpg,Class Diagram
Class_Diagram_22.jpg,Class Diagram
Class_Diagram_23.jpg,Class Diagram
Class_Diagram_24.jpg,Class Diagram
Class_Diagram_25.jpg,Class Diagram
Class_Diagram_26.jpg,Class Diagram
Class_Diagram_27.jpg,Class Diagram
Class_Diagram_28.jpg,Class Diagram
Class_Diagram_29.jpg,Class Diagram
Class_Diagram_30.jpg,Class Diagram
Class_Diagram_31.jpg,Class Diagram
Class_Diagram_32.jpg,Class Diagram
Class_Diagram_33.jpg,Class Diagram
Class_Diagram_34.jpg,Class Diagram
Class_Diagram_35.jpg,Class Diagram
Class_Diagram_36.jpg,Class Diagram
Class_Diagram_37.jpg,Class Diagram
Class_Diagram_38.jpg,Class Diagram
Class_Diagram_39.jpg,Class Diagram
Class_Diagram_40.jpg,Class Diagram
Class_Diagram_41.jpg,Class Diagram
Class_Diagram_42.jpg,Class Diagram
Class_Diagram_43.jpg,Class Diagram
Class_Diagram_44.jpg,Class Diagram
Class_Diagram_45.jpg,Class Diagram
Class_Diagram_46.jpg,Class Diagram
Class_Diagram_47.jpg,Class Diagram
Class_Diagram_48.jpg,Class Diagram
Class_Diagram_49.jpg,Class Diagram
Class_Diagram_50.jpg,Class Diagram
Class_Diagram_51.jpg,Class Diagram
Class_Diagram_52.jpg,Class Diagram
Class_Diagram_53.jpg,Class Diagram
Class_Diagram_54.jpg,Class Diagram
Class_Diagram_55.jpg,Class Diagram
Class_Diagram_56.jpg,Class Diagram
Class_Diagram_57.jpg,Class Diagram
Class_Diagram_58.jpg,Class Diagram
Class_Diagram_59.jpg,Class Diagram
Class_Diagram_60.jpg,Class Diagram
Class_Diagram_61.jpg,Class Diagram
Class_Diagram_62.jpg,Class Diagram
Class_Diagram_63.jpg,Class Diagram
Class_Diagram_64.jpg,Class Diagram
Class_Diagram_65.jpg,Class Diagram
Class_Diagram_66.jpg,Class Diagram
Class_Diagram_67.jpg,Class Diagram
Class_Diagram_68.jpg,Class Diagram
Class_Diagram_69.jpg,Class Diagram
Class_Diagram_70.jpg,Class Diagram
Class_Diagram_71.jpg,Class Diagram
Class_Diagram_72.jpg,Class Diagram
Class_Diagram_73.jpg,Class Diagram
Class_Diagram_74.jpg,Class Diagram
Class_Diagram_75.jpg,Class Diagram
Class_Diagram_76.jpg,Class Diagram
Class_Diagram_77.jpg,Class Diagram
Class_Diagram_78.jpg,Class Diagram
Class_Diagram_79.jpg,Class Diagram
Class_Diagram_80.jpg,Class Diagram
Class_Diagram_81.jpg,Class Diagram
Class_Diagram_82.jpg,Class Diagram
Class_Diagram_83.jpg,Class Diagram
Class_Diagram_84.jpg,Class Diagram
Class_Diagram_85.jpg,Class Diagram
Class_Diagram_86.jpg,Class Diagram
Class_Diagram_87.jpg,Class Diagram
Class_Diagram_88.jpg,Class Diagram
Class_Diagram_89.jpg,Class Diagram
Class_Diagram_90.jpg,Class Diagram
Class_Diagram_91.jpg,Class Diagram
Class_Diagram_92.jpg,Class Diagram
Class_Diagram_93.jpg,Class Diagram
Class_Diagram_94.jpg,Class Diagram
Class_Diagram_95.jpg,Class Diagram
Class_Diagram_96.jpg,Class Diagram
Class_Diagram_97.jpg,Class Diagram
Class_Diagram_98.jpg,Class Diagram
Class_Diagram_99.jpg,Class Diagram
Class_Diagram_100.jpg,Class Diagram
Class_Diagram_101.jpg,Class Diagram
Class_Diagram_102.jpg,Class Diagram
Class_Diagram_103.jpg,Class Diagram
Class_Diagram_104.jpg,Class Diagram
Class_Diagram_105.jpg,Class Diagram
Class_Diagram_106.jpg,Class Diagram
Class_Diagram_107.jpg,Class Diagram
Class_Diagram_108.jpg,Class Diagram
Class_Diagram_109.jpg,Class Diagram
Class_Diagram_110.jpg,Class Diagram
Class_Diagram_111.jpg,Class Diagram
Class_Diagram_112.jpg,Class Diagram
Class_Diagram_113.jpg,Class Diagram
Class_Diagram_114.jpg,Class Diagram
Class_Diagram_115.jpg,Class Diagram
Class_Diagram_116.jpg,Class Diagram
Class_Diagram_117.jpg,Class Diagram
Class_Diagram_118.jpg,Class Diagram
Class_Diagram_119.jpg,Class Diagram
Class_Diagram_120.jpg,Class Diagram
Class_Diagram_121.jpg,Class Diagram
Class_Diagram_122.jpg,Class Diagram
Class_Diagram_123.jpg,Class Diagram
Class_Diagram_124.jpg,Class Diagram
Class_Diagram_125.jpg,Class Diagram
Class_Diagram_126.jpg,Class Diagram
Class_Diagram_127.jpg,Class Diagram
Class_Diagram_128.jpg,Class Diagram
Class_Diagram_129.jpg,Class Diagram
Class_Diagram_130.jpg,Class Diagram
Class_Diagram_131.jpg,Class Diagram
Class_Diagram_132.jpg,Class Diagram
Class_Diagram_133.jpg,Class Diagram
Class_Diagram_134.jpg,Class Diagram
Class_Diagram_135.jpg,Class Diagram
Class_Diagram_136.jpg,Class Diagram
Class_Diagram_137.jpg,Class Diagram
Class_Diagram_138.jpg,Class Diagram
Class_Diagram_139.jpg,Class Diagram
Class_Diagram_140.jpg,Class Diagram
Class_Diagram_141.jpg,Class Diagram
Class_Diagram_142.jpg,Class Diagram
Class_Diagram_143.jpg,Class Diagram
Class_Diagram_144.jpg,Class Diagram
Class_Diagram_145.jpg,Class Diagram
Class_Diagram_146.jpg,Class Diagram
Class_Diagram_147.jpg,Class Diagram
Class_Diagram_148.jpg,Class Diagram
Class_Diagram_149.jpg,Class Diagram
Class_Diagram_150.jpg,Class Diagram
Class_Diagram_151.jpg,Class Diagram
Class_Diagram_152.jpg,Class Diagram
Class_Diagram_153.jpg,Class Diagram
Class_Diagram_154.jpg,Class Diagram
Class_Diagram_155.jpg,Class Diagram
Class_Diagram_156.jpg,Class Diagram
Class_Diagram_157.jpg,Class Diagram
Class_Diagram_158.jpg,Class Diagram
Class_Diagram_159.jpg,Class Diagram
Class_Diagram_160.jpg,Class Diagram
Class_Diagram_161.jpg,Class Diagram
Class_Diagram_162.jpg,Class Diagram
Class_Diagram_163.jpg,Class Diagram
Class_Diagram_164.jpg,Class Diagram
Class_Diagram_165.jpg,Class Diagram
Class_Diagram_166.jpg,Class Diagram
Class_Diagram_167.jpg,Class Diagram
Class_Diagram_168.jpg,Class Diagram
Class_Diagram_169.jpg,Class Diagram
Class_Diagram_170.jpg,Class Diagram
Class_Diagram_171.jpg,Class Diagram
Class_Diagram_172.jpg,Class Diagram
Class_Diagram_173.jpg,Class Diagram
Class_Diagram_174.jpg,Class Diagram
Class_Diagram_175.jpg,Class Diagram
Class_Diagram_176.jpg,Class Diagram
Class_Diagram_177.jpg,Class Diagram
Class_Diagram_178.jpg,Class Diagram
Class_Diagram_179.jpg,Class Diagram
Class_Diagram_180.jpg,Class Diagram
Class_Diagram_181.jpg,Class Diagram
Class_Diagram_182.jpg,Class Diagram
Class_Diagram_183.jpg,Class Diagram
Class_Diagram_184.jpg,Class Diagram
Class_Diagram_185.jpg,Class Diagram
Class_Diagram_186.jpg,Class Diagram
Class_Diagram_187.jpg,Class Diagram
Class_Diagram_188.jpg,Class Diagram
Class_Diagram_189.jpg,Class Diagram
Class_Diagram_190.jpg,Class Diagram
Class_Diagram_191.jpg,Class Diagram
Class_Diagram_192.jpg,Class Diagram
Class_Diagram_193.jpg,Class Diagram
Class_Diagram_194.jpg,Class Diagram
Class_Diagram_195.jpg,Class Diagram
Class_Diagram_196.jpg,Class Diagram
Class_Diagram_197.jpg,Class Diagram
Class_Diagram_198.jpg,Class Diagram
Class_Diagram_199.jpg,Class Diagram
Class_Diagram_200.jpg,Class Diagram
Component_Diagram_1.jpg,Component Diagram
Component_Diagram_2.jpg,Component Diagram
Component_Diagram_3.jpg,Component Diagram
Component_Diagram_4.jpg,Component Diagram
Component_Diagram_5.jpg,Component Diagram
Component_Diagram_6.jpg,Component Diagram
Component_Diagram_7.jpg,Component Diagram
Component_Diagram_8.jpg,Component Diagram
Component_Diagram_9.jpg,Component Diagram
Component_Diagram_10.jpg,Component Diagram
Component_Diagram_11.jpg,Component Diagram
Component_Diagram_12.jpg,Component Diagram
Component_Diagram_13.jpg,Component Diagram
Component_Diagram_14.jpg,Component Diagram
Component_Diagram_15.jpg,Component Diagram
Component_Diagram_16.jpg,Component Diagram
Component_Diagram_17.jpg,Component Diagram
Component_Diagram_18.jpg,Component Diagram
Component_Diagram_19.jpg,Component Diagram
Component_Diagram_20.jpg,Component Diagram
Component_Diagram_21.jpg,Component Diagram
Component_Diagram_22.jpg,Component Diagram
Component_Diagram_23.jpg,Component Diagram
Component_Diagram_24.jpg,Component Diagram
Component_Diagram_25.jpg,Component Diagram
Component_Diagram_26.jpg,Component Diagram
Component_Diagram_27.jpg,Component Diagram
Component_Diagram_28.jpg,Component Diagram
Component_Diagram_29.jpg,Component Diagram
Component_Diagram_30.jpg,Component Diagram
Component_Diagram_31.jpg,Component Diagram
Component_Diagram_32.jpg,Component Diagram
Component_Diagram_33.jpg,Component Diagram
Component_Diagram_34.jpg,Component Diagram
Component_Diagram_35.jpg,Component Diagram
Component_Diagram_36.jpg,Component Diagram
Component_Diagram_37.jpg,Component Diagram
Component_Diagram_38.jpg,Component Diagram
Component_Diagram_39.jpg,Component Diagram
Component_Diagram_40.jpg,Component Diagram
Component_Diagram_41.jpg,Component Diagram
Component_Diagram_42.jpg,Component Diagram
Component_Diagram_43.jpg,Component Diagram
Component_Diagram_44.jpg,Component Diagram
Component_Diagram_45.jpg,Component Diagram
Component_Diagram_46.jpg,Component Diagram
Component_Diagram_47.jpg,Component Diagram
Component_Diagram_48.jpg,Component Diagram
Component_Diagram_49.jpg,Component Diagram
Component_Diagram_50.jpg,Component Diagram
Component_Diagram_51.jpg,Component Diagram
Component_Diagram_52.jpg,Component Diagram
Component_Diagram_53.jpg,Component Diagram
Component_Diagram_54.jpg,Component Diagram
Component_Diagram_55.jpg,Component Diagram
Component_Diagram_56.jpg,Component Diagram
Component_Diagram_57.jpg,Component Diagram
Component_Diagram_58.jpg,Component Diagram
Component_Diagram_59.jpg,Component Diagram
Component_Diagram_60.jpg,Component Diagram
Component_Diagram_61.jpg,Component Diagram
Component_Diagram_62.jpg,Component Diagram
Component_Diagram_63.jpg,Component Diagram
Component_Diagram_64.jpg,Component Diagram
Component_Diagram_65.jpg,Component Diagram
Component_Diagram_66.jpg,Component Diagram
Component_Diagram_67.jpg,Component Diagram
Component_Diagram_68.jpg,Component Diagram
Component_Diagram_69.jpg,Component Diagram
Component_Diagram_70.jpg,Component Diagram
Component_Diagram_71.jpg,Component Diagram
Component_Diagram_72.jpg,Component Diagram
Component_Diagram_73.jpg,Component Diagram
Component_Diagram_74.jpg,Component Diagram
Component_Diagram_75.jpg,Component Diagram
Component_Diagram_76.jpg,Component Diagram
Component_Diagram_77.jpg,Component Diagram
Component_Diagram_78.jpg,Component Diagram
Component_Diagram_79.jpg,Component Diagram
Component_Diagram_80.jpg,Component Diagram
Component_Diagram_81.jpg,Component Diagram
Component_Diagram_82.jpg,Component Diagram
Component_Diagram_83.jpg,Component Diagram
Component_Diagram_84.jpg,Component Diagram
Component_Diagram_85.jpg,Component Diagram
Component_Diagram_86.jpg,Component Diagram
Component_Diagram_87.jpg,Component Diagram
Component_Diagram_88.jpg,Component Diagram
Component_Diagram_89.jpg,Component Diagram
Component_Diagram_90.jpg,Component Diagram
Component_Diagram_91.jpg,Component Diagram
Component_Diagram_92.jpg,Component Diagram
Component_Diagram_93.jpg,Component Diagram
Component_Diagram_94.jpg,Component Diagram
Component_Diagram_95.jpg,Component Diagram
Component_Diagram_96.jpg,Component Diagram
Component_Diagram_97.jpg,Component Diagram
Component_Diagram_98.jpg,Component Diagram
Component_Diagram_99.jpg,Component Diagram
Component_Diagram_100.jpg,Component Diagram
Component_Diagram_101.jpg,Component Diagram
Component_Diagram_102.jpg,Component Diagram
Component_Diagram_103.jpg,Component Diagram
Component_Diagram_104.jpg,Component Diagram
Component_Diagram_105.jpg,Component Diagram
Component_Diagram_106.jpg,Component Diagram
Component_Diagram_107.jpg,Component Diagram
Component_Diagram_108.jpg,Component Diagram
Component_Diagram_109.jpg,Component Diagram
Component_Diagram_110.jpg,Component Diagram
Component_Diagram_111.jpg,Component Diagram
Component_Diagram_112.jpg,Component Diagram
Component_Diagram_113.jpg,Component Diagram
Component_Diagram_114.jpg,Component Diagram
Component_Diagram_115.jpg,Component Diagram
Component_Diagram_116.jpg,Component Diagram
Component_Diagram_117.jpg,Component Diagram
Component_Diagram_118.jpg,Component Diagram
Component_Diagram_119.jpg,Component Diagram
Component_Diagram_120.jpg,Component Diagram
Component_Diagram_121.jpg,Component Diagram
Component_Diagram_122.jpg,Component Diagram
Component_Diagram_123.jpg,Component Diagram
Component_Diagram_124.jpg,Component Diagram
Component_Diagram_125.jpg,Component Diagram
Component_Diagram_126.jpg,Component Diagram
Component_Diagram_127.jpg,Component Diagram
Component_Diagram_128.jpg,Component Diagram
Component_Diagram_129.jpg,Component Diagram
Component_Diagram_130.jpg,Component Diagram
Component_Diagram_131.jpg,Component Diagram
Component_Diagram_132.jpg,Component Diagram
Component_Diagram_133.jpg,Component Diagram
Component_Diagram_134.jpg,Component Diagram
Component_Diagram_135.jpg,Component Diagram
Component_Diagram_136.jpg,Component Diagram
Component_Diagram_137.jpg,Component Diagram
Component_Diagram_138.jpg,Component Diagram
Component_Diagram_139.jpg,Component Diagram
Component_Diagram_140.jpg,Component Diagram
Component_Diagram_141.jpg,Component Diagram
Component_Diagram_142.jpg,Component Diagram
Component_Diagram_143.jpg,Component Diagram
Component_Diagram_144.jpg,Component Diagram
Component_Diagram_145.jpg,Component Diagram
Component_Diagram_146.jpg,Component Diagram
Component_Diagram_147.jpg,Component Diagram
Component_Diagram_148.jpg,Component Diagram
Component_Diagram_149.jpg,Component Diagram
Component_Diagram_150.jpg,Component Diagram
Component_Diagram_151.jpg,Component Diagram
Component_Diagram_152.jpg,Component Diagram
Component_Diagram_153.jpg,Component Diagram
Component_Diagram_154.jpg,Component Diagram
Component_Diagram_155.jpg,Component Diagram
Component_Diagram_156.jpg,Component Diagram
Component_Diagram_157.jpg,Component Diagram
Component_Diagram_158.jpg,Component Diagram
Component_Diagram_159.jpg,Component Diagram
Component_Diagram_160.jpg,Component Diagram
Component_Diagram_161.jpg,Component Diagram
Component_Diagram_162.jpg,Component Diagram
Component_Diagram_163.jpg,Component Diagram
Component_Diagram_164.jpg,Component Diagram
Component_Diagram_165.jpg,Component Diagram
Component_Diagram_166.jpg,Component Diagram
Component_Diagram_167.jpg,Component Diagram
Component_Diagram_168.jpg,Component Diagram
Component_Diagram_169.jpg,Component Diagram
Component_Diagram_170.jpg,Component Diagram
Component_Diagram_171.jpg,Component Diagram
Component_Diagram_172.jpg,Component Diagram
Component_Diagram_173.jpg,Component Diagram
Component_Diagram_174.jpg,Component Diagram
Component_Diagram_175.jpg,Component Diagram
Component_Diagram_176.jpg,Component Diagram
Component_Diagram_177.jpg,Component Diagram
Component_Diagram_178.jpg,Component Diagram
Component_Diagram_179.jpg,Component Diagram
Component_Diagram_180.jpg,Component Diagram
Component_Diagram_181.jpg,Component Diagram
Component_Diagram_182.jpg,Component Diagram
Component_Diagram_183.jpg,Component Diagram
Component_Diagram_184.jpg,Component Diagram
Component_Diagram_185.jpg,Component Diagram
Component_Diagram_186.jpg,Component Diagram
Component_Diagram_187.jpg,Component Diagram
Component_Diagram_188.jpg,Component Diagram
Component_Diagram_189.jpg,Component Diagram
Component_Diagram_190.jpg,Component Diagram
Component_Diagram_191.jpg,Component Diagram
Component_Diagram_192.jpg,Component Diagram
Component_Diagram_193.jpg,Component Diagram
Component_Diagram_194.jpg,Component Diagram
Component_Diagram_195.jpg,Component Diagram
Component_Diagram_196.jpg,Component Diagram
Component_Diagram_197.jpg,Component Diagram
Component_Diagram_198.jpg,Component Diagram
Component_Diagram_199.jpg,Component Diagram
Component_Diagram_200.jpg,Component Diagram
Deployment_Diagram_1.jpg,Deployment Diagram
Deployment_Diagram_2.jpg,Deployment Diagram
Deployment_Diagram_3.jpg,Deployment Diagram
Deployment_Diagram_4.jpg,Deployment Diagram
Deployment_Diagram_5.jpg,Deployment Diagram
Deployment_Diagram_6.jpg,Deployment Diagram
Deployment_Diagram_7.jpg,Deployment Diagram
Deployment_Diagram_8.jpg,Deployment Diagram
Deployment_Diagram_9.jpg,Deployment Diagram
Deployment_Diagram_10.jpg,Deployment Diagram
Deployment_Diagram_11.jpg,Deployment Diagram
Deployment_Diagram_12.jpg,Deployment Diagram
Deployment_Diagram_13.jpg,Deployment Diagram
Deployment_Diagram_14.jpg,Deployment Diagram
Deployment_Diagram_15.jpg,Deployment Diagram
Deployment_Diagram_16.jpg,Deployment Diagram
Deployment_Diagram_17.jpg,Deployment Diagram
Deployment_Diagram_18.jpg,Deployment Diagram
Deployment_Diagram_19.jpg,Deployment Diagram
Deployment_Diagram_20.jpg,Deployment Diagram
Deployment_Diagram_21.jpg,Deployment Diagram
Deployment_Diagram_22.jpg,Deployment Diagram
Deployment_Diagram_23.jpg,Deployment Diagram
Deployment_Diagram_24.jpg,Deployment Diagram
Deployment_Diagram_25.jpg,Deployment Diagram
Deployment_Diagram_26.jpg,Deployment Diagram
Deployment_Diagram_27.jpg,Deployment Diagram
Deployment_Diagram_28.jpg,Deployment Diagram
Deployment_Diagram_29.jpg,Deployment Diagram
Deployment_Diagram_30.jpg,Deployment Diagram
Deployment_Diagram_31.jpg,Deployment Diagram
Deployment_Diagram_32.jpg,Deployment Diagram
Deployment_Diagram_33.jpg,Deployment Diagram
Deployment_Diagram_34.jpg,Deployment Diagram
Deployment_Diagram_35.jpg,Deployment Diagram
Deployment_Diagram_36.jpg,Deployment Diagram
Deployment_Diagram_37.jpg,Deployment Diagram
Deployment_Diagram_38.jpg,Deployment Diagram
Deployment_Diagram_39.jpg,Deployment Diagram
Deployment_Diagram_40.jpg,Deployment Diagram
Deployment_Diagram_41.jpg,Deployment Diagram
Deployment_Diagram_42.jpg,Deployment Diagram
Deployment_Diagram_43.jpg,Deployment Diagram
Deployment_Diagram_44.jpg,Deployment Diagram
Deployment_Diagram_45.jpg,Deployment Diagram
Deployment_Diagram_46.jpg,Deployment Diagram
Deployment_Diagram_47.jpg,Deployment Diagram
Deployment_Diagram_48.jpg,Deployment Diagram
Deployment_Diagram_49.jpg,Deployment Diagram
Deployment_Diagram_50.jpg,Deployment Diagram
Deployment_Diagram_51.jpg,Deployment Diagram
Deployment_Diagram_52.jpg,Deployment Diagram
Deployment_Diagram_53.jpg,Deployment Diagram
Deployment_Diagram_54.jpg,Deployment Diagram
Deployment_Diagram_55.jpg,Deployment Diagram
Deployment_Diagram_56.jpg,Deployment Diagram
Deployment_Diagram_57.jpg,Deployment Diagram
Deployment_Diagram_58.jpg,Deployment Diagram
Deployment_Diagram_59.jpg,Deployment Diagram
Deployment_Diagram_60.jpg,Deployment Diagram
Deployment_Diagram_61.jpg,Deployment Diagram
Deployment_Diagram_62.jpg,Deployment Diagram
Deployment_Diagram_63.jpg,Deployment Diagram
Deployment_Diagram_64.jpg,Deployment Diagram
Deployment_Diagram_65.jpg,Deployment Diagram
Deployment_Diagram_66.jpg,Deployment Diagram
Deployment_Diagram_67.jpg,Deployment Diagram
Deployment_Diagram_68.jpg,Deployment Diagram
Deployment_Diagram_69.jpg,Deployment Diagram
Deployment_Diagram_70.jpg,Deployment Diagram
Deployment_Diagram_71.jpg,Deployment Diagram
Deployment_Diagram_72.jpg,Deployment Diagram
Deployment_Diagram_73.jpg,Deployment Diagram
Deployment_Diagram_74.jpg,Deployment Diagram
Deployment_Diagram_75.jpg,Deployment Diagram
Deployment_Diagram_76.jpg,Deployment Diagram
Deployment_Diagram_77.jpg,Deployment Diagram
Deployment_Diagram_78.jpg,Deployment Diagram
Deployment_Diagram_79.jpg,Deployment Diagram
Deployment_Diagram_80.jpg,Deployment Diagram
Deployment_Diagram_81.jpg,Deployment Diagram
Deployment_Diagram_82.jpg,Deployment Diagram
Deployment_Diagram_83.jpg,Deployment Diagram
Deployment_Diagram_84.jpg,Deployment Diagram
Deployment_Diagram_85.jpg,Deployment Diagram
Deployment_Diagram_86.jpg,Deployment Diagram
Deployment_Diagram_87.jpg,Deployment Diagram
Deployment_Diagram_88.jpg,Deployment Diagram
Deployment_Diagram_89.jpg,Deployment Diagram
Deployment_Diagram_90.jpg,Deployment Diagram
Deployment_Diagram_91.jpg,Deployment Diagram
Deployment_Diagram_92.jpg,Deployment Diagram
Deployment_Diagram_93.jpg,Deployment Diagram
Deployment_Diagram_94.jpg,Deployment Diagram
Deployment_Diagram_95.jpg,Deployment Diagram
Deployment_Diagram_96.jpg,Deployment Diagram
Deployment_Diagram_97.jpg,Deployment Diagram
Deployment_Diagram_98.jpg,Deployment Diagram
Deployment_Diagram_99.jpg,Deployment Diagram
Deployment_Diagram_100.jpg,Deployment Diagram
Deployment_Diagram_101.jpg,Deployment Diagram
Deployment_Diagram_102.jpg,Deployment Diagram
Deployment_Diagram_103.jpg,Deployment Diagram
Deployment_Diagram_104.jpg,Deployment Diagram
Deployment_Diagram_105.jpg,Deployment Diagram
Deployment_Diagram_106.jpg,Deployment Diagram
Deployment_Diagram_107.jpg,Deployment Diagram
Deployment_Diagram_108.jpg,Deployment Diagram
Deployment_Diagram_109.jpg,Deployment Diagram
Deployment_Diagram_110.jpg,Deployment Diagram
Deployment_Diagram_111.jpg,Deployment Diagram
Deployment_Diagram_112.jpg,Deployment Diagram
Deployment_Diagram_113.jpg,Deployment Diagram
Deployment_Diagram_114.jpg,Deployment Diagram
Deployment_Diagram_115.jpg,Deployment Diagram
Deployment_Diagram_116.jpg,Deployment Diagram
Deployment_Diagram_117.jpg,Deployment Diagram
Deployment_Diagram_118.jpg,Deployment Diagram
Deployment_Diagram_119.jpg,Deployment Diagram
Deployment_Diagram_120.jpg,Deployment Diagram
Deployment_Diagram_121.jpg,Deployment Diagram
Deployment_Diagram_122.jpg,Deployment Diagram
Deployment_Diagram_123.jpg,Deployment Diagram
Deployment_Diagram_124.jpg,Deployment Diagram
Deployment_Diagram_125.jpg,Deployment Diagram
Deployment_Diagram_126.jpg,Deployment Diagram
Deployment_Diagram_127.jpg,Deployment Diagram
Deployment_Diagram_128.jpg,Deployment Diagram
Deployment_Diagram_129.jpg,Deployment Diagram
Deployment_Diagram_130.jpg,Deployment Diagram
Deployment_Diagram_131.jpg,Deployment Diagram
Deployment_Diagram_132.jpg,Deployment Diagram
Deployment_Diagram_133.jpg,Deployment Diagram
Deployment_Diagram_134.jpg,Deployment Diagram
Deployment_Diagram_135.jpg,Deployment Diagram
Deployment_Diagram_136.jpg,Deployment Diagram
Deployment_Diagram_137.jpg,Deployment Diagram
Deployment_Diagram_138.jpg,Deployment Diagram
Deployment_Diagram_139.jpg,Deployment Diagram
Deployment_Diagram_140.jpg,Deployment Diagram
Deployment_Diagram_141.jpg,Deployment Diagram
Deployment_Diagram_142.jpg,Deployment Diagram
Deployment_Diagram_143.jpg,Deployment Diagram
Deployment_Diagram_144.jpg,Deployment Diagram
Deployment_Diagram_145.jpg,Deployment Diagram
Deployment_Diagram_146.jpg,Deployment Diagram
Deployment_Diagram_147.jpg,Deployment Diagram
Deployment_Diagram_148.jpg,Deployment Diagram
Deployment_Diagram_149.jpg,Deployment Diagram
Deployment_Diagram_150.jpg,Deployment Diagram
Deployment_Diagram_151.jpg,Deployment Diagram
Deployment_Diagram_152.jpg,Deployment Diagram
Deployment_Diagram_153.jpg,Deployment Diagram
Deployment_Diagram_154.jpg,Deployment Diagram
Deployment_Diagram_155.jpg,Deployment Diagram
Deployment_Diagram_156.jpg,Deployment Diagram
Deployment_Diagram_157.jpg,Deployment Diagram
Deployment_Diagram_158.jpg,Deployment Diagram
Deployment_Diagram_159.jpg,Deployment Diagram
Deployment_Diagram_160.jpg,Deployment Diagram
Deployment_Diagram_161.jpg,Deployment Diagram
Deployment_Diagram_162.jpg,Deployment Diagram
Deployment_Diagram_163.jpg,Deployment Diagram
Deployment_Diagram_164.jpg,Deployment Diagram
Deployment_Diagram_165.jpg,Deployment Diagram
Deployment_Diagram_166.jpg,Deployment Diagram
Deployment_Diagram_167.jpg,Deployment Diagram
Deployment_Diagram_168.jpg,Deployment Diagram
Deployment_Diagram_169.jpg,Deployment Diagram
Deployment_Diagram_170.jpg,Deployment Diagram
Deployment_Diagram_171.jpg,Deployment Diagram
Deployment_Diagram_172.jpg,Deployment Diagram
Deployment_Diagram_173.jpg,Deployment Diagram
Deployment_Diagram_174.jpg,Deployment Diagram
Deployment_Diagram_175.jpg,Deployment Diagram
Deployment_Diagram_176.jpg,Deployment Diagram
Deployment_Diagram_177.jpg,Deployment Diagram
Deployment_Diagram_178.jpg,Deployment Diagram
Deployment_Diagram_179.jpg,Deployment Diagram
Deployment_Diagram_180.jpg,Deployment Diagram
Deployment_Diagram_181.jpg,Deployment Diagram
Deployment_Diagram_182.jpg,Deployment Diagram
Deployment_Diagram_183.jpg,Deployment Diagram
Deployment_Diagram_184.jpg,Deployment Diagram
Deployment_Diagram_185.jpg,Deployment Diagram
Deployment_Diagram_186.jpg,Deployment Diagram
Deployment_Diagram_187.jpg,Deployment Diagram
Deployment_Diagram_188.jpg,Deployment Diagram
Deployment_Diagram_189.jpg,Deployment Diagram
Deployment_Diagram_190.jpg,Deployment Diagram
Deployment_Diagram_191.jpg,Deployment Diagram
Deployment_Diagram_192.jpg,Deployment Diagram
Deployment_Diagram_193.jpg,Deployment Diagram
Deployment_Diagram_194.jpg,Deployment Diagram
Deployment_Diagram_195.jpg,Deployment Diagram
Deployment_Diagram_196.jpg,Deployment Diagram
Deployment_Diagram_197.jpg,Deployment Diagram
Deployment_Diagram_198.jpg,Deployment Diagram
Deployment_Diagram_199.jpg,Deployment Diagram
Deployment_Diagram_200.jpg,Deployment Diagram
Sequence_Diagram_1.jpg,Sequence Diagram
Sequence_Diagram_2.jpg,Sequence Diagram
Sequence_Diagram_3.jpg,Sequence Diagram
Sequence_Diagram_4.jpg,Sequence Diagram
Sequence_Diagram_5.jpg,Sequence Diagram
Sequence_Diagram_6.jpg,Sequence Diagram
Sequence_Diagram_7.jpg,Sequence Diagram
Sequence_Diagram_8.jpg,Sequence Diagram
Sequence_Diagram_9.jpg,Sequence Diagram
Sequence_Diagram_10.jpg,Sequence Diagram
Sequence_Diagram_11.jpg,Sequence Diagram
Sequence_Diagram_12.jpg,Sequence Diagram
Sequence_Diagram_13.jpg,Sequence Diagram
Sequence_Diagram_14.jpg,Sequence Diagram
Sequence_Diagram_15.jpg,Sequence Diagram
Sequence_Diagram_16.jpg,Sequence Diagram
Sequence_Diagram_17.jpg,Sequence Diagram
Sequence_Diagram_18.jpg,Sequence Diagram
Sequence_Diagram_19.jpg,Sequence Diagram
Sequence_Diagram_20.jpg,Sequence Diagram
Sequence_Diagram_21.jpg,Sequence Diagram
Sequence_Diagram_22.jpg,Sequence Diagram
Sequence_Diagram_23.jpg,Sequence Diagram
Sequence_Diagram_24.jpg,Sequence Diagram
Sequence_Diagram_25.jpg,Sequence Diagram
Sequence_Diagram_26.jpg,Sequence Diagram
Sequence_Diagram_27.jpg,Sequence Diagram
Sequence_Diagram_28.jpg,Sequence Diagram
Sequence_Diagram_29.jpg,Sequence Diagram
Sequence_Diagram_30.jpg,Sequence Diagram
Sequence_Diagram_31.jpg,Sequence Diagram
Sequence_Diagram_32.jpg,Sequence Diagram
Sequence_Diagram_33.jpg,Sequence Diagram
Sequence_Diagram_34.jpg,Sequence Diagram
Sequence_Diagram_35.jpg,Sequence Diagram
Sequence_Diagram_36.jpg,Sequence Diagram
Sequence_Diagram_37.jpg,Sequence Diagram
Sequence_Diagram_38.jpg,Sequence Diagram
Sequence_Diagram_39.jpg,Sequence Diagram
Sequence_Diagram_40.jpg,Sequence Diagram
Sequence_Diagram_41.jpg,Sequence Diagram
Sequence_Diagram_42.jpg,Sequence Diagram
Sequence_Diagram_43.jpg,Sequence Diagram
Sequence_Diagram_44.jpg,Sequence Diagram
Sequence_Diagram_45.jpg,Sequence Diagram
Sequence_Diagram_46.jpg,Sequence Diagram
Sequence_Diagram_47.jpg,Sequence Diagram
Sequence_Diagram_48.jpg,Sequence Diagram
Sequence_Diagram_49.jpg,Sequence Diagram
Sequence_Diagram_50.jpg,Sequence Diagram
Sequence_Diagram_51.jpg,Sequence Diagram
Sequence_Diagram_52.jpg,Sequence Diagram
Sequence_Diagram_53.jpg,Sequence Diagram
Sequence_Diagram_54.jpg,Sequence Diagram
Sequence_Diagram_55.jpg,Sequence Diagram
Sequence_Diagram_56.jpg,Sequence Diagram
Sequence_Diagram_57.jpg,Sequence Diagram
Sequence_Diagram_58.jpg,Sequence Diagram
Sequence_Diagram_59.jpg,Sequence Diagram
Sequence_Diagram_60.jpg,Sequence Diagram
Sequence_Diagram_61.jpg,Sequence Diagram
Sequence_Diagram_62.jpg,Sequence Diagram
Sequence_Diagram_63.jpg,Sequence Diagram
Sequence_Diagram_64.jpg,Sequence Diagram
Sequence_Diagram_65.jpg,Sequence Diagram
Sequence_Diagram_66.jpg,Sequence Diagram
Sequence_Diagram_67.jpg,Sequence Diagram
Sequence_Diagram_68.jpg,Sequence Diagram
Sequence_Diagram_69.jpg,Sequence Diagram
Sequence_Diagram_70.jpg,Sequence Diagram
Sequence_Diagram_71.jpg,Sequence Diagram
Sequence_Diagram_72.jpg,Sequence Diagram
Sequence_Diagram_73.jpg,Sequence Diagram
Sequence_Diagram_74.jpg,Sequence Diagram
Sequence_Diagram_75.jpg,Sequence Diagram
Sequence_Diagram_76.jpg,Sequence Diagram
Sequence_Diagram_77.jpg,Sequence Diagram
Sequence_Diagram_78.jpg,Sequence Diagram
Sequence_Diagram_79.jpg,Sequence Diagram
Sequence_Diagram_80.jpg,Sequence Diagram
Sequence_Diagram_81.jpg,Sequence Diagram
Sequence_Diagram_82.jpg,Sequence Diagram
Sequence_Diagram_83.jpg,Sequence Diagram
Sequence_Diagram_84.jpg,Sequence Diagram
Sequence_Diagram_85.jpg,Sequence Diagram
Sequence_Diagram_86.jpg,Sequence Diagram
Sequence_Diagram_87.jpg,Sequence Diagram
Sequence_Diagram_88.jpg,Sequence Diagram
Sequence_Diagram_89.jpg,Sequence Diagram
Sequence_Diagram_90.jpg,Sequence Diagram
Sequence_Diagram_91.jpg,Sequence Diagram
Sequence_Diagram_92.jpg,Sequence Diagram
Sequence_Diagram_93.jpg,Sequence Diagram
Sequence_Diagram_94.jpg,Sequence Diagram
Sequence_Diagram_95.jpg,Sequence Diagram
Sequence_Diagram_96.jpg,Sequence Diagram
Sequence_Diagram_97.jpg,Sequence Diagram
Sequence_Diagram_98.jpg,Sequence Diagram
Sequence_Diagram_99.jpg,Sequence Diagram
Sequence_Diagram_100.jpg,Sequence Diagram
Sequence_Diagram_101.jpg,Sequence Diagram
Sequence_Diagram_102.jpg,Sequence Diagram
Sequence_Diagram_103.jpg,Sequence Diagram
Sequence_Diagram_104.jpg,Sequence Diagram
Sequence_Diagram_105.jpg,Sequence Diagram
Sequence_Diagram_106.jpg,Sequence Diagram
Sequence_Diagram_107.jpg,Sequence Diagram
Sequence_Diagram_108.jpg,Sequence Diagram
Sequence_Diagram_109.jpg,Sequence Diagram
Sequence_Diagram_110.jpg,Sequence Diagram
Sequence_Diagram_111.jpg,Sequence Diagram
Sequence_Diagram_112.jpg,Sequence Diagram
Sequence_Diagram_113.jpg,Sequence Diagram
Sequence_Diagram_114.jpg,Sequence Diagram
Sequence_Diagram_115.jpg,Sequence Diagram
Sequence_Diagram_116.jpg,Sequence Diagram
Sequence_Diagram_117.jpg,Sequence Diagram
Sequence_Diagram_118.jpg,Sequence Diagram
Sequence_Diagram_119.jpg,Sequence Diagram
Sequence_Diagram_120.jpg,Sequence Diagram
Sequence_Diagram_121.jpg,Sequence Diagram
Sequence_Diagram_122.jpg,Sequence Diagram
Sequence_Diagram_123.jpg,Sequence Diagram
Sequence_Diagram_124.jpg,Sequence Diagram
Sequence_Diagram_125.jpg,Sequence Diagram
Sequence_Diagram_126.jpg,Sequence Diagram
Sequence_Diagram_127.jpg,Sequence Diagram
Sequence_Diagram_128.jpg,Sequence Diagram
Sequence_Diagram_129.jpg,Sequence Diagram
Sequence_Diagram_130.jpg,Sequence Diagram
Sequence_Diagram_131.jpg,Sequence Diagram
Sequence_Diagram_132.jpg,Sequence Diagram
Sequence_Diagram_133.jpg,Sequence Diagram
Sequence_Diagram_134.jpg,Sequence Diagram
Sequence_Diagram_135.jpg,Sequence Diagram
Sequence_Diagram_136.jpg,Sequence Diagram
Sequence_Diagram_137.jpg,Sequence Diagram
Sequence_Diagram_138.jpg,Sequence Diagram
Sequence_Diagram_139.jpg,Sequence Diagram
Sequence_Diagram_140.jpg,Sequence Diagram
Sequence_Diagram_141.jpg,Sequence Diagram
Sequence_Diagram_142.jpg,Sequence Diagram
Sequence_Diagram_143.jpg,Sequence Diagram
Sequence_Diagram_144.jpg,Sequence Diagram
Sequence_Diagram_145.jpg,Sequence Diagram
Sequence_Diagram_146.jpg,Sequence Diagram
Sequence_Diagram_147.jpg,Sequence Diagram
Sequence_Diagram_148.jpg,Sequence Diagram
Sequence_Diagram_149.jpg,Sequence Diagram
Sequence_Diagram_150.jpg,Sequence Diagram
Sequence_Diagram_151.jpg,Sequence Diagram
Sequence_Diagram_152.jpg,Sequence Diagram
Sequence_Diagram_153.jpg,Sequence Diagram
Sequence_Diagram_154.jpg,Sequence Diagram
Sequence_Diagram_155.jpg,Sequence Diagram
Sequence_Diagram_156.jpg,Sequence Diagram
Sequence_Diagram_157.jpg,Sequence Diagram
Sequence_Diagram_158.jpg,Sequence Diagram
Sequence_Diagram_159.jpg,Sequence Diagram
Sequence_Diagram_160.jpg,Sequence Diagram
Sequence_Diagram_161.jpg,Sequence Diagram
Sequence_Diagram_162.jpg,Sequence Diagram
Sequence_Diagram_163.jpg,Sequence Diagram
Sequence_Diagram_164.jpg,Sequence Diagram
Sequence_Diagram_165.jpg,Sequence Diagram
Sequence_Diagram_166.jpg,Sequence Diagram
Sequence_Diagram_167.jpg,Sequence Diagram
Sequence_Diagram_168.jpg,Sequence Diagram
Sequence_Diagram_169.jpg,Sequence Diagram
Sequence_Diagram_170.jpg,Sequence Diagram
Sequence_Diagram_171.jpg,Sequence Diagram
Sequence_Diagram_172.jpg,Sequence Diagram
Sequence_Diagram_173.jpg,Sequence Diagram
Sequence_Diagram_174.jpg,Sequence Diagram
Sequence_Diagram_175.jpg,Sequence Diagram
Sequence_Diagram_176.jpg,Sequence Diagram
Sequence_Diagram_177.jpg,Sequence Diagram
Sequence_Diagram_178.jpg,Sequence Diagram
Sequence_Diagram_179.jpg,Sequence Diagram
Sequence_Diagram_180.jpg,Sequence Diagram
Sequence_Diagram_181.jpg,Sequence Diagram
Sequence_Diagram_182.jpg,Sequence Diagram
Sequence_Diagram_183.jpg,Sequence Diagram
Sequence_Diagram_184.jpg,Sequence Diagram
Sequence_Diagram_185.jpg,Sequence Diagram
Sequence_Diagram_186.jpg,Sequence Diagram
Sequence_Diagram_187.jpg,Sequence Diagram
Sequence_Diagram_188.jpg,Sequence Diagram
Sequence_Diagram_189.jpg,Sequence Diagram
Sequence_Diagram_190.jpg,Sequence Diagram
Sequence_Diagram_191.jpg,Sequence Diagram
Sequence_Diagram_192.jpg,Sequence Diagram
Sequence_Diagram_193.jpg,Sequence Diagram
Sequence_Diagram_194.jpg,Sequence Diagram
Sequence_Diagram_195.jpg,Sequence Diagram
Sequence_Diagram_196.jpg,Sequence Diagram
Sequence_Diagram_197.jpg,Sequence Diagram
Sequence_Diagram_198.jpg,Sequence Diagram
Sequence_Diagram_199.jpg,Sequence Diagram
Sequence_Diagram_200.jpg,Sequence Diagram
Use_Case_Diagram_1.jpg,Use Case Diagram
Use_Case_Diagram_2.jpg,Use Case Diagram
Use_Case_Diagram_3.jpg,Use Case Diagram
Use_Case_Diagram_4.jpg,Use Case Diagram
Use_Case_Diagram_5.jpg,Use Case Diagram
Use_Case_Diagram_6.jpg,Use Case Diagram
Use_Case_Diagram_7.jpg,Use Case Diagram
Use_Case_Diagram_8.jpg,Use Case Diagram
Use_Case_Diagram_9.jpg,Use Case Diagram
Use_Case_Diagram_10.jpg,Use Case Diagram
Use_Case_Diagram_11.jpg,Use Case Diagram
Use_Case_Diagram_12.jpg,Use Case Diagram
Use_Case_Diagram_13.jpg,Use Case Diagram
Use_Case_Diagram_14.jpg,Use Case Diagram
Use_Case_Diagram_15.jpg,Use Case Diagram
Use_Case_Diagram_16.jpg,Use Case Diagram
Use_Case_Diagram_17.jpg,Use Case Diagram
Use_Case_Diagram_18.jpg,Use Case Diagram
Use_Case_Diagram_19.jpg,Use Case Diagram
Use_Case_Diagram_20.jpg,Use Case Diagram
Use_Case_Diagram_21.jpg,Use Case Diagram
Use_Case_Diagram_22.jpg,Use Case Diagram
Use_Case_Diagram_23.jpg,Use Case Diagram
Use_Case_Diagram_24.jpg,Use Case Diagram
Use_Case_Diagram_25.jpg,Use Case Diagram
Use_Case_Diagram_26.jpg,Use Case Diagram
Use_Case_Diagram_27.jpg,Use Case Diagram
Use_Case_Diagram_28.jpg,Use Case Diagram
Use_Case_Diagram_29.jpg,Use Case Diagram
Use_Case_Diagram_30.jpg,Use Case Diagram
Use_Case_Diagram_31.jpg,Use Case Diagram
Use_Case_Diagram_32.jpg,Use Case Diagram
Use_Case_Diagram_33.jpg,Use Case Diagram
Use_Case_Diagram_34.jpg,Use Case Diagram
Use_Case_Diagram_35.jpg,Use Case Diagram
Use_Case_Diagram_36.jpg,Use Case Diagram
Use_Case_Diagram_37.jpg,Use Case Diagram
Use_Case_Diagram_38.jpg,Use Case Diagram
Use_Case_Diagram_39.jpg,Use Case Diagram
Use_Case_Diagram_40.jpg,Use Case Diagram
Use_Case_Diagram_41.jpg,Use Case Diagram
Use_Case_Diagram_42.jpg,Use Case Diagram
Use_Case_Diagram_43.jpg,Use Case Diagram
Use_Case_Diagram_44.jpg,Use Case Diagram
Use_Case_Diagram_45.jpg,Use Case Diagram
Use_Case_Diagram_46.jpg,Use Case Diagram
Use_Case_Diagram_47.jpg,Use Case Diagram
Use_Case_Diagram_48.jpg,Use Case Diagram
Use_Case_Diagram_49.jpg,Use Case Diagram
Use_Case_Diagram_50.jpg,Use Case Diagram
Use_Case_Diagram_51.jpg,Use Case Diagram
Use_Case_Diagram_52.jpg,Use Case Diagram
Use_Case_Diagram_53.jpg,Use Case Diagram
Use_Case_Diagram_54.jpg,Use Case Diagram
Use_Case_Diagram_55.jpg,Use Case Diagram
Use_Case_Diagram_56.jpg,Use Case Diagram
Use_Case_Diagram_57.jpg,Use Case Diagram
Use_Case_Diagram_58.jpg,Use Case Diagram
Use_Case_Diagram_59.jpg,Use Case Diagram
Use_Case_Diagram_60.jpg,Use Case Diagram
Use_Case_Diagram_61.jpg,Use Case Diagram
Use_Case_Diagram_62.jpg,Use Case Diagram
Use_Case_Diagram_63.jpg,Use Case Diagram
Use_Case_Diagram_64.jpg,Use Case Diagram
Use_Case_Diagram_65.jpg,Use Case Diagram
Use_Case_Diagram_66.jpg,Use Case Diagram
Use_Case_Diagram_67.jpg,Use Case Diagram
Use_Case_Diagram_68.jpg,Use Case Diagram
Use_Case_Diagram_69.jpg,Use Case Diagram
Use_Case_Diagram_70.jpg,Use Case Diagram
Use_Case_Diagram_71.jpg,Use Case Diagram
Use_Case_Diagram_72.jpg,Use Case Diagram
Use_Case_Diagram_73.jpg,Use Case Diagram
Use_Case_Diagram_74.jpg,Use Case Diagram
Use_Case_Diagram_75.jpg,Use Case Diagram
Use_Case_Diagram_76.jpg,Use Case Diagram
Use_Case_Diagram_77.jpg,Use Case Diagram
Use_Case_Diagram_78.jpg,Use Case Diagram
Use_Case_Diagram_79.jpg,Use Case Diagram
Use_Case_Diagram_80.jpg,Use Case Diagram
Use_Case_Diagram_81.jpg,Use Case Diagram
Use_Case_Diagram_82.jpg,Use Case Diagram
Use_Case_Diagram_83.jpg,Use Case Diagram
Use_Case_Diagram_84.jpg,Use Case Diagram
Use_Case_Diagram_85.jpg,Use Case Diagram
Use_Case_Diagram_86.jpg,Use Case Diagram
Use_Case_Diagram_87.jpg,Use Case Diagram
Use_Case_Diagram_88.jpg,Use Case Diagram
Use_Case_Diagram_89.jpg,Use Case Diagram
Use_Case_Diagram_90.jpg,Use Case Diagram
Use_Case_Diagram_91.jpg,Use Case Diagram
Use_Case_Diagram_92.jpg,Use Case Diagram
Use_Case_Diagram_93.jpg,Use Case Diagram
Use_Case_Diagram_94.jpg,Use Case Diagram
Use_Case_Diagram_95.jpg,Use Case Diagram
Use_Case_Diagram_96.jpg,Use Case Diagram
Use_Case_Diagram_97.jpg,Use Case Diagram
Use_Case_Diagram_98.jpg,Use Case Diagram
Use_Case_Diagram_99.jpg,Use Case Diagram
Use_Case_Diagram_100.jpg,Use Case Diagram
Use_Case_Diagram_101.jpg,Use Case Diagram
Use_Case_Diagram_102.jpg,Use Case Diagram
Use_Case_Diagram_103.jpg,Use Case Diagram
Use_Case_Diagram_104.jpg,Use Case Diagram
Use_Case_Diagram_105.jpg,Use Case Diagram
Use_Case_Diagram_106.jpg,Use Case Diagram
Use_Case_Diagram_107.jpg,Use Case Diagram
Use_Case_Diagram_108.jpg,Use Case Diagram
Use_Case_Diagram_109.jpg,Use Case Diagram
Use_Case_Diagram_110.jpg,Use Case Diagram
Use_Case_Diagram_111.jpg,Use Case Diagram
Use_Case_Diagram_112.jpg,Use Case Diagram
Use_Case_Diagram_113.jpg,Use Case Diagram
Use_Case_Diagram_114.jpg,Use Case Diagram
Use_Case_Diagram_115.jpg,Use Case Diagram
Use_Case_Diagram_116.jpg,Use Case Diagram
Use_Case_Diagram_117.jpg,Use Case Diagram
Use_Case_Diagram_118.jpg,Use Case Diagram
Use_Case_Diagram_119.jpg,Use Case Diagram
Use_Case_Diagram_120.jpg,Use Case Diagram
Use_Case_Diagram_121.jpg,Use Case Diagram
Use_Case_Diagram_122.jpg,Use Case Diagram
Use_Case_Diagram_123.jpg,Use Case Diagram
Use_Case_Diagram_124.jpg,Use Case Diagram
Use_Case_Diagram_125.jpg,Use Case Diagram
Use_Case_Diagram_126.jpg,Use Case Diagram
Use_Case_Diagram_127.jpg,Use Case Diagram
Use_Case_Diagram_128.jpg,Use Case Diagram
Use_Case_Diagram_129.jpg,Use Case Diagram
Use_Case_Diagram_130.jpg,Use Case Diagram
Use_Case_Diagram_131.jpg,Use Case Diagram
Use_Case_Diagram_132.jpg,Use Case Diagram
Use_Case_Diagram_133.jpg,Use Case Diagram
Use_Case_Diagram_134.jpg,Use Case Diagram
Use_Case_Diagram_135.jpg,Use Case Diagram
Use_Case_Diagram_136.jpg,Use Case Diagram
Use_Case_Diagram_137.jpg,Use Case Diagram
Use_Case_Diagram_138.jpg,Use Case Diagram
Use_Case_Diagram_139.jpg,Use Case Diagram
Use_Case_Diagram_140.jpg,Use Case Diagram
Use_Case_Diagram_141.jpg,Use Case Diagram
Use_Case_Diagram_142.jpg,Use Case Diagram
Use_Case_Diagram_143.jpg,Use Case Diagram
Use_Case_Diagram_144.jpg,Use Case Diagram
Use_Case_Diagram_145.jpg,Use Case Diagram
Use_Case_Diagram_146.jpg,Use Case Diagram
Use_Case_Diagram_147.jpg,Use Case Diagram
Use_Case_Diagram_148.jpg,Use Case Diagram
Use_Case_Diagram_149.jpg,Use Case Diagram
Use_Case_Diagram_150.jpg,Use Case Diagram
Use_Case_Diagram_151.jpg,Use Case Diagram
Use_Case_Diagram_152.jpg,Use Case Diagram
Use_Case_Diagram_153.jpg,Use Case Diagram
Use_Case_Diagram_154.jpg,Use Case Diagram
Use_Case_Diagram_155.jpg,Use Case Diagram
Use_Case_Diagram_156.jpg,Use Case Diagram
Use_Case_Diagram_157.jpg,Use Case Diagram
Use_Case_Diagram_158.jpg,Use Case Diagram
Use_Case_Diagram_159.jpg,Use Case Diagram
Use_Case_Diagram_160.jpg,Use Case Diagram
Use_Case_Diagram_161.jpg,Use Case Diagram
Use_Case_Diagram_162.jpg,Use Case Diagram
Use_Case_Diagram_163.jpg,Use Case Diagram
Use_Case_Diagram_164.jpg,Use Case Diagram
Use_Case_Diagram_165.jpg,Use Case Diagram
Use_Case_Diagram_166.jpg,Use Case Diagram
Use_Case_Diagram_167.jpg,Use Case Diagram
Use_Case_Diagram_168.jpg,Use Case Diagram
Use_Case_Diagram_169.jpg,Use Case Diagram
Use_Case_Diagram_170.jpg,Use Case Diagram
Use_Case_Diagram_171.jpg,Use Case Diagram
Use_Case_Diagram_172.jpg,Use Case Diagram
Use_Case_Diagram_173.jpg,Use Case Diagram
Use_Case_Diagram_174.jpg,Use Case Diagram
Use_Case_Diagram_175.jpg,Use Case Diagram
Use_Case_Diagram_176.jpg,Use Case Diagram
Use_Case_Diagram_177.jpg,Use Case Diagram
Use_Case_Diagram_178.jpg,Use Case Diagram
Use_Case_Diagram_179.jpg,Use Case Diagram
Use_Case_Diagram_180.jpg,Use Case Diagram
Use_Case_Diagram_181.jpg,Use Case Diagram
Use_Case_Diagram_182.jpg,Use Case Diagram
Use_Case_Diagram_183.jpg,Use Case Diagram
Use_Case_Diagram_184.jpg,Use Case Diagram
Use_Case_Diagram_185.jpg,Use Case Diagram
Use_Case_Diagram_186.jpg,Use Case Diagram
Use_Case_Diagram_187.jpg,Use Case Diagram
Use_Case_Diagram_188.jpg,Use Case Diagram
Use_Case_Diagram_189.jpg,Use Case Diagram
Use_Case_Diagram_190.jpg,Use Case Diagram
Use_Case_Diagram_191.jpg,Use Case Diagram
Use_Case_Diagram_192.jpg,Use Case Diagram
Use_Case_Diagram_193.jpg,Use Case Diagram
Use_Case_Diagram_194.jpg,Use Case Diagram
Use_Case_Diagram_195.jpg,Use Case Diagram
Use_Case_Diagram_196.jpg,Use Case Diagram
Use_Case_Diagram_197.jpg,Use Case Diagram
Use_Case_Diagram_198.jpg,Use Case Diagram
Use_Case_Diagram_199.jpg,Use Case Diagram
Use_Case_Diagram_200.jpg,Use Case Diagram
